week,warehouse,product,stock
W3,Склад1||Склад1_о,Б2,181.50943396226415
W4,Склад1||Склад1_о,Б2,31.017289619054452
W5,Склад1||Склад1_о,Б2,49.9709257283744
W6,Склад1||Склад1_о,Б2,21.790414408715964
W7,Склад1||Склад1_о,Б2,6.469306244972075
W8,Склад1||Склад1_о,Б2,12.91987739732562
W9,Склад1||Склад1_о,Б2,6.190908246538056
W10,Склад1||Склад1_о,Б2,0.07866465370442256
W11,Склад1||Склад1_о,Б2,0.0010269537037130884
W12,Склад1||Склад1_о,Б2,6.591487186861927e-06
W14,Склад1||Склад1_о,Б2,4.484489051208622
W15,Склад1||Склад1_о,Б2,11.538600296561116
W16,Склад1||Склад1_о,Б2,8.208813678377409
W17,Склад1||Склад1_о,Б2,6.584973391101439
W18,Склад1||Склад1_о,Б2,14.46067978712881
W19,Склад1||Склад1_о,Б2,7.226884209600387
W20,Склад1||Склад1_о,Б2,4.310772169857547
W21,Склад1||Склад1_о,Б2,4.999473343083377
W22,Склад1||Склад1_о,Б2,15.338979862851597
W23,Склад1||Склад1_о,Б2,4.627827171962879
W24,Склад1||Склад1_о,Б2,0.019250529001509482
W25,Склад1||Склад1_о,Б2,0.00012046638924599174
W28,Склад1||Склад1_о,Б2,4.76368159207072
W29,Склад1||Склад1_о,Б2,11.790210160327911
W30,Склад1||Склад1_о,Б2,14.286411479892818
W31,Склад1||Склад1_о,Б2,18.246788458580447
W32,Склад1||Склад1_о,Б2,10.312424256098597
W33,Склад1||Склад1_о,Б2,30.51756073150576
W34,Склад1||Склад1_о,Б2,68.95821769369279
W35,Склад1||Склад1_о,Б2,68.95821769369279
W36,Склад1||Склад1_о,Б2,68.95821769369279
W37,Склад1||Склад1_о,Б2,68.95821769369279
W38,Склад1||Склад1_о,Б2,68.95821769369279
W39,Склад1||Склад1_о,Б2,68.95821769369279
W40,Склад1||Склад1_о,Б2,68.95821769369279
W41,Склад1||Склад1_о,Б2,68.95821769369279
W42,Склад1||Склад1_о,Б2,68.95821769369279
W43,Склад1||Склад1_о,Б2,68.95821769369279
W44,Склад1||Склад1_о,Б2,68.95821769369279
W45,Склад1||Склад1_о,Б2,68.95821769369279
W46,Склад1||Склад1_о,Б2,68.95821769369279
W47,Склад1||Склад1_о,Б2,68.95821769369279
W48,Склад1||Склад1_о,Б2,68.95821769369279
W49,Склад1||Склад1_о,Б2,68.95821769369279
W50,Склад1||Склад1_о,Б2,68.95821769369279
W51,Склад1||Склад1_о,Б2,68.95821769369279
W52,Склад1||Склад1_о,Б2,68.95821769369279
W53,Склад1||Склад1_о,Б2,68.95821769369279
W31,Склад1||Склад1_о,Б6,94.04040404040404
W32,Склад1||Склад1_о,Б6,24.81227368019821
W33,Склад1||Склад1_о,Б6,0.4101202261189787
W34,Склад1||Склад1_о,Б6,0.014491880781589353
W35,Склад1||Склад1_о,Б6,0.014491880781589353
W36,Склад1||Склад1_о,Б6,0.014491880781589353
W37,Склад1||Склад1_о,Б6,0.014491880781589353
W38,Склад1||Склад1_о,Б6,0.014491880781589353
W39,Склад1||Склад1_о,Б6,0.014491880781589353
W40,Склад1||Склад1_о,Б6,0.014491880781589353
W41,Склад1||Склад1_о,Б6,0.014491880781589353
W42,Склад1||Склад1_о,Б6,0.014491880781589353
W43,Склад1||Склад1_о,Б6,0.014491880781589353
W44,Склад1||Склад1_о,Б6,0.014491880781589353
W45,Склад1||Склад1_о,Б6,0.014491880781589353
W46,Склад1||Склад1_о,Б6,0.014491880781589353
W47,Склад1||Склад1_о,Б6,0.014491880781589353
W48,Склад1||Склад1_о,Б6,0.014491880781589353
W49,Склад1||Склад1_о,Б6,0.014491880781589353
W50,Склад1||Склад1_о,Б6,0.014491880781589353
W51,Склад1||Склад1_о,Б6,0.014491880781589353
W52,Склад1||Склад1_о,Б6,0.014491880781589353
W53,Склад1||Склад1_о,Б6,0.014491880781589353
W2,Склад3||Склад3_о,Б5,53.60249775056796
W3,Склад3||Склад3_о,Б5,0.27990860444160814
W4,Склад3||Склад3_о,Б5,0.001655284473338901
W5,Склад3||Склад3_о,Б5,7.656264909060597e-06
W11,Склад3||Склад3_о,Б5,1.7394476246145971
W12,Склад3||Склад3_о,Б5,1.8109750593821619
W13,Склад3||Склад3_о,Б5,0.5277871037130557
W14,Склад3||Склад3_о,Б5,0.0014746775739398036
W15,Склад3||Склад3_о,Б5,5.934316192916715e-06
W17,Склад3||Склад3_о,Б5,0.7592726528019703
W18,Склад3||Склад3_о,Б5,0.0018473787172797332
W19,Склад3||Склад3_о,Б5,5.511273022910898e-06
W22,Склад3||Склад3_о,Б5,0.11259800150278694
W23,Склад3||Склад3_о,Б5,0.0002679628783978747
W42,Склад3||Склад3_о,Б5,4.627808934010935
W43,Склад3||Склад3_о,Б5,0.01190586296375337
W44,Склад3||Склад3_о,Б5,4.2055326611633236e-05
W46,Склад3||Склад3_о,Б5,2.68418587870149
W47,Склад3||Склад3_о,Б5,0.009697203319008273
W48,Склад3||Склад3_о,Б5,1.4744067969655346
W49,Склад3||Склад3_о,Б5,1.7045878784611432
W50,Склад3||Склад3_о,Б5,4.024061937520975
W51,Склад3||Склад3_о,Б5,1.5601041815493286
W52,Склад3||Склад3_о,Б5,7.1615178052319175
W53,Склад3||Склад3_о,Б5,0.6120955389087109
W42,Склад4||Склад4_о,Б2,18.314285714285713
W43,Склад4||Склад4_о,Б2,0.1496265172735761
W44,Склад4||Склад4_о,Б2,0.001889223702949193
W45,Склад4||Склад4_о,Б2,1.9199427875499927e-05
W12,Склад6||Склад6_о,Б6,2491.0
W13,Склад6||Склад6_о,Б6,3225.0
W14,Склад6||Склад6_о,Б6,3225.0
W15,Склад6||Склад6_о,Б6,3225.0
W16,Склад6||Склад6_о,Б6,3225.0
W17,Склад6||Склад6_о,Б6,3225.0
W18,Склад6||Склад6_о,Б6,3225.0
W19,Склад6||Склад6_о,Б6,3225.0
W20,Склад6||Склад6_о,Б6,3225.0
W21,Склад6||Склад6_о,Б6,3225.0
W22,Склад6||Склад6_о,Б6,3225.0
W23,Склад6||Склад6_о,Б6,3225.0
W24,Склад6||Склад6_о,Б6,3225.0
W25,Склад6||Склад6_о,Б6,3225.0
W26,Склад6||Склад6_о,Б6,3225.0
W27,Склад6||Склад6_о,Б6,3225.0
W28,Склад6||Склад6_о,Б6,3225.0
W29,Склад6||Склад6_о,Б6,3225.0
W30,Склад6||Склад6_о,Б6,3225.0
W31,Склад6||Склад6_о,Б6,3225.0
W32,Склад6||Склад6_о,Б6,3225.0
W33,Склад6||Склад6_о,Б6,3225.0
W34,Склад6||Склад6_о,Б6,3225.0
W35,Склад6||Склад6_о,Б6,3225.0
W36,Склад6||Склад6_о,Б6,3225.0
W37,Склад6||Склад6_о,Б6,5104.0
W38,Склад6||Склад6_о,Б6,5489.0
W39,Склад6||Склад6_о,Б6,5489.0
W40,Склад6||Склад6_о,Б6,5489.0
W41,Склад6||Склад6_о,Б6,5489.0
W42,Склад6||Склад6_о,Б6,5489.0
W43,Склад6||Склад6_о,Б6,5489.0
W44,Склад6||Склад6_о,Б6,5489.0
W45,Склад6||Склад6_о,Б6,5489.0
W46,Склад6||Склад6_о,Б6,5489.0
W47,Склад6||Склад6_о,Б6,5489.0
W48,Склад6||Склад6_о,Б6,5489.0
W49,Склад6||Склад6_о,Б6,78.86494252873564
W50,Склад6||Склад6_о,Б6,1.5772988505747128
W51,Склад6||Склад6_о,Б6,0.020919082898868867
W52,Склад6||Склад6_о,Б6,0.00038243295975994273
W53,Склад6||Склад6_о,Б6,0.00038243295975994273
W1,Склад7||Склад7_о,Б5,824.1176470588235
W2,Склад7||Склад7_о,Б5,188.56567284448025
W3,Склад7||Склад7_о,Б5,16.45778031579438
W4,Склад7||Склад7_о,Б5,14.923319719386798
W5,Склад7||Склад7_о,Б5,13.685106246520396
W6,Склад7||Склад7_о,Б5,13.52795782029709
W7,Склад7||Склад7_о,Б5,15.65881653403215
W8,Склад7||Склад7_о,Б5,18.20212613761854
W9,Склад7||Склад7_о,Б5,14.919481626316278
W10,Склад7||Склад7_о,Б5,19.107294459207967
W11,Склад7||Склад7_о,Б5,21.253464253341523
W12,Склад7||Склад7_о,Б5,14.866917601926264
W13,Склад7||Склад7_о,Б5,19.41814607141714
W14,Склад7||Склад7_о,Б5,15.60749098565511
W15,Склад7||Склад7_о,Б5,22.390072049139786
W16,Склад7||Склад7_о,Б5,17.72267069114833
W17,Склад7||Склад7_о,Б5,19.836471034793902
W18,Склад7||Склад7_о,Б5,14.938954204987837
W19,Склад7||Склад7_о,Б5,13.972078720279885
W20,Склад7||Склад7_о,Б5,17.506455427281235
W21,Склад7||Склад7_о,Б5,17.42624586788052
W22,Склад7||Склад7_о,Б5,20.29051189789425
W23,Склад7||Склад7_о,Б5,18.690949741480903
W24,Склад7||Склад7_о,Б5,16.497043614838983
W25,Склад7||Склад7_о,Б5,15.20132281782734
W26,Склад7||Склад7_о,Б5,17.961830097092037
W27,Склад7||Склад7_о,Б5,13.412831323063216
W28,Склад7||Склад7_о,Б5,16.257402073919454
W29,Склад7||Склад7_о,Б5,16.33593828915497
W30,Склад7||Склад7_о,Б5,17.85042459036948
W31,Склад7||Склад7_о,Б5,15.539086440350546
W32,Склад7||Склад7_о,Б5,15.470892883368887
W33,Склад7||Склад7_о,Б5,13.24014080666446
W34,Склад7||Склад7_о,Б5,13.50007077011048
W35,Склад7||Склад7_о,Б5,17.518402780217357
W36,Склад7||Склад7_о,Б5,13.990231926725016
W37,Склад7||Склад7_о,Б5,14.986483285628085
W38,Склад7||Склад7_о,Б5,15.031324422301683
W39,Склад7||Склад7_о,Б5,13.038431547169266
W40,Склад7||Склад7_о,Б5,16.113500756587687
W41,Склад7||Склад7_о,Б5,12.770600247807486
W42,Склад7||Склад7_о,Б5,19.610937787050446
W43,Склад7||Склад7_о,Б5,15.55774287624259
W44,Склад7||Склад7_о,Б5,18.891828621783496
W45,Склад7||Склад7_о,Б5,16.930186341320688
W46,Склад7||Склад7_о,Б5,20.69124256754323
W47,Склад7||Склад7_о,Б5,20.424586005836147
W48,Склад7||Склад7_о,Б5,29.742276571198907
W49,Склад7||Склад7_о,Б5,24.289499762596826
W50,Склад7||Склад7_о,Б5,25.99380253537173
W51,Склад7||Склад7_о,Б5,25.02549779699004
W52,Склад7||Склад7_о,Б5,38.91306809297309
W53,Склад7||Склад7_о,Б5,81.1776039886706
W53,Склад8||Склад8_о,Б5,619.0
W35,Склад9||Склад9_о,Б2,1754.0
W36,Склад9||Склад9_о,Б2,2636.0
W37,Склад9||Склад9_о,Б2,2636.0
W38,Склад9||Склад9_о,Б2,2636.0
W39,Склад9||Склад9_о,Б2,2636.0
W40,Склад9||Склад9_о,Б2,2636.0
W41,Склад9||Склад9_о,Б2,2636.0
W42,Склад9||Склад9_о,Б2,2636.0
W43,Склад9||Склад9_о,Б2,160.79584775086505
W44,Склад9||Склад9_о,Б2,58.42136508582673
W45,Склад9||Склад9_о,Б2,18.12353293070572
W46,Склад9||Склад9_о,Б2,81.6377709953104
W47,Склад9||Склад9_о,Б2,41.10460546619975
W48,Склад9||Склад9_о,Б2,9.42833984368899
W49,Склад9||Склад9_о,Б2,0.18414726257205058
W50,Склад9||Склад9_о,Б2,0.0018752267064363602
W51,Склад9||Склад9_о,Б2,1.341363881571073e-05
W2,Склад10||Склад10_о,Б5,56.47058823529412
W3,Склад10||Склад10_о,Б5,19.183903970161406
W4,Склад10||Склад10_о,Б5,19.15286275937915
W5,Склад10||Склад10_о,Б5,14.75569371019981
W6,Склад10||Склад10_о,Б5,12.697388523685833
W7,Склад10||Склад10_о,Б5,12.80183581616019
W8,Склад10||Склад10_о,Б5,14.324409944570105
W9,Склад10||Склад10_о,Б5,19.182266576311058
W10,Склад10||Склад10_о,Б5,15.693407053180863
W11,Склад10||Склад10_о,Б5,18.906707418719172
W12,Склад10||Склад10_о,Б5,17.943989562135886
W13,Склад10||Склад10_о,Б5,16.82692567000021
W14,Склад10||Склад10_о,Б5,13.269332847965321
W15,Склад10||Склад10_о,Б5,13.496448640867376
W16,Склад10||Склад10_о,Б5,13.410866786270898
W17,Склад10||Склад10_о,Б5,11.761290172326643
W18,Склад10||Склад10_о,Б5,14.535910530465161
W19,Склад10||Склад10_о,Б5,13.400280566007673
W20,Склад10||Склад10_о,Б5,17.20951216916454
W21,Склад10||Склад10_о,Б5,16.611485860244155
W22,Склад10||Склад10_о,Б5,12.389310572262932
W23,Склад10||Склад10_о,Б5,20.11214208707361
W24,Склад10||Склад10_о,Б5,19.052295966621948
W25,Склад10||Склад10_о,Б5,11.867467568242837
W26,Склад10||Склад10_о,Б5,12.985968634476684
W27,Склад10||Склад10_о,Б5,10.121426950917026
W28,Склад10||Склад10_о,Б5,9.140303069781053
W29,Склад10||Склад10_о,Б5,11.145129146735572
W30,Склад10||Склад10_о,Б5,9.308273865469102
W31,Склад10||Склад10_о,Б5,9.732967073277425
W32,Склад10||Склад10_о,Б5,9.728712996057414
W33,Склад10||Склад10_о,Б5,9.838385559135073
W34,Склад10||Склад10_о,Б5,10.287930716394932
W35,Склад10||Склад10_о,Б5,11.427540788415682
W36,Склад10||Склад10_о,Б5,12.534159971685211
W37,Склад10||Склад10_о,Б5,11.696034080879585
W38,Склад10||Склад10_о,Б5,13.302268411198424
W39,Склад10||Склад10_о,Б5,12.252094420287618
W40,Склад10||Склад10_о,Б5,14.510967316904281
W41,Склад10||Склад10_о,Б5,14.052105376688417
W42,Склад10||Склад10_о,Б5,10.819501008109821
W43,Склад10||Склад10_о,Б5,8.37719697078026
W44,Склад10||Склад10_о,Б5,9.660242727239144
W45,Склад10||Склад10_о,Б5,10.164117419030406
W46,Склад10||Склад10_о,Б5,12.482215433666507
W47,Склад10||Склад10_о,Б5,12.275262363549157
W48,Склад10||Склад10_о,Б5,17.627654904273427
W49,Склад10||Склад10_о,Б5,12.756453485528027
W50,Склад10||Склад10_о,Б5,17.726491913922455
W51,Склад10||Склад10_о,Б5,21.13071695243983
W52,Склад10||Склад10_о,Б5,39.12123574225625
W53,Склад10||Склад10_о,Б5,1839.3723112444688
W26,Склад10||Склад10_о,Б6,2.1063364894391845
W27,Склад10||Склад10_о,Б6,3.26953676026696
W28,Склад10||Склад10_о,Б6,1.6602123137530098
W29,Склад10||Склад10_о,Б6,0.002361274802663931
W30,Склад10||Склад10_о,Б6,3.314069898475693e-06
W2,Склад10||Склад10_о,Б7,4.303405572755418
W3,Склад10||Склад10_о,Б7,0.3266430131117558
W4,Склад10||Склад10_о,Б7,0.0007865230269967633
W5,Склад10||Склад10_о,Б7,1.9207447601877645
W6,Склад10||Склад10_о,Б7,0.8876670675842551
W7,Склад10||Склад10_о,Б7,0.00166729351537238
W8,Склад10||Склад10_о,Б7,2.117761951174768
W9,Склад10||Склад10_о,Б7,1.9619278674535088
W10,Склад10||Склад10_о,Б7,0.0031260800947315306
W11,Склад10||Склад10_о,Б7,5.951037682717553e-06
W12,Склад10||Склад10_о,Б7,2.098680839388449
W13,Склад10||Склад10_о,Б7,0.7987953759472534
W14,Склад10||Склад10_о,Б7,0.0014132968435018635
W15,Склад10||Склад10_о,Б7,2.4716628952463512e-06
W16,Склад10||Склад10_о,Б7,2.15368531533658
W17,Склад10||Склад10_о,Б7,2.156799650714893
W18,Склад10||Склад10_о,Б7,1.2008686457473399
W19,Склад10||Склад10_о,Б7,0.002161001701902717
W20,Склад10||Склад10_о,Б7,0.8804673543309809
W21,Склад10||Склад10_о,Б7,3.0131352237081725
W22,Склад10||Склад10_о,Б7,0.7821530966355558
W23,Склад10||Склад10_о,Б7,0.001812637535655981
W24,Склад10||Склад10_о,Б7,1.2053868005413215
W25,Склад10||Склад10_о,Б7,1.1481234349663594
W26,Склад10||Склад10_о,Б7,2.6251247245957265
W27,Склад10||Склад10_о,Б7,0.003622860508688555
W28,Склад10||Склад10_о,Б7,4.332528711658162e-06
W29,Склад10||Склад10_о,Б7,1.3980941606208628
W30,Склад10||Склад10_о,Б7,0.6910850444359592
W31,Склад10||Склад10_о,Б7,0.0008676522842887122
W32,Склад10||Склад10_о,Б7,1.1301970617281648e-06
W33,Склад10||Склад10_о,Б7,1.0215053776943812
W34,Склад10||Склад10_о,Б7,1.2270312572750193
W35,Склад10||Склад10_о,Б7,0.0017759896617093925
W36,Склад10||Склад10_о,Б7,2.6175234513034525e-06
W37,Склад10||Склад10_о,Б7,0.5215151868414245
W38,Склад10||Склад10_о,Б7,1.9457504470848224
W39,Склад10||Склад10_о,Б7,0.0023593433334361856
W40,Склад10||Склад10_о,Б7,3.426290057270092e-06
W42,Склад10||Склад10_о,Б7,1.6722274122585874
W43,Склад10||Склад10_о,Б7,1.1558910674965166
W44,Склад10||Склад10_о,Б7,0.0013284577261194305
W45,Склад10||Склад10_о,Б7,1.7920649212456909e-06
W47,Склад10||Склад10_о,Б7,0.7815356489987988
W48,Склад10||Склад10_о,Б7,2.806899543442429
W49,Склад10||Склад10_о,Б7,1.7164908735329247
W50,Склад10||Склад10_о,Б7,0.7920697079152039
W51,Склад10||Склад10_о,Б7,0.0016532450593095467
W52,Склад10||Склад10_о,Б7,6.031539800472625e-06
W53,Склад10||Склад10_о,Б7,4.308242714623304e-06
W2,Склад10||Склад10_о,К2,0.8111455108359134
W3,Склад10||Склад10_о,К2,0.5287143235339047
W4,Склад10||Склад10_о,К2,0.9523927626379338
W5,Склад10||Склад10_о,К2,1.0901638088028782
W6,Склад10||Склад10_о,К2,0.4489601372789564
W7,Склад10||Склад10_о,К2,0.4422407215200581
W8,Склад10||Склад10_о,К2,0.6902986528423933
W9,Склад10||Склад10_о,К2,1.1697007468822207
W10,Склад10||Склад10_о,К2,0.1038395486725338
W11,Склад10||Склад10_о,К2,1.0186633153410862
W12,Склад10||Склад10_о,К2,0.3152624007458302
W13,Склад10||Склад10_о,К2,0.9748924798038018
W14,Склад10||Склад10_о,К2,0.29896477791897347
W15,Склад10||Склад10_о,К2,0.49720000835592687
W16,Склад10||Склад10_о,К2,0.3580714410321588
W17,Склад10||Склад10_о,К2,0.6985534624810719
W18,Склад10||Склад10_о,К2,0.748221084828714
W19,Склад10||Склад10_о,К2,0.21908983459569678
W20,Склад10||Склад10_о,К2,0.4160648882489197
W21,Склад10||Склад10_о,К2,1.367046046317261
W22,Склад10||Склад10_о,К2,0.6295227318921419
W23,Склад10||Склад10_о,К2,0.3768934478143503
W24,Склад10||Склад10_о,К2,0.7711661662723119
W25,Склад10||Склад10_о,К2,0.4449177790473738
W26,Склад10||Склад10_о,К2,0.6707136457087363
W27,Склад10||Склад10_о,К2,0.01748649412877275
W28,Склад10||Склад10_о,К2,0.38031270807716905
W29,Склад10||Склад10_о,К2,0.626340936862576
W30,Склад10||Склад10_о,К2,0.43175626798156147
W31,Склад10||Склад10_о,К2,0.5856017027846598
W32,Склад10||Склад10_о,К2,0.24565012596428898
W33,Склад10||Склад10_о,К2,0.3778323179521676
W34,Склад10||Склад10_о,К2,0.4875241238067534
W35,Склад10||Склад10_о,К2,0.8054530671932361
W36,Склад10||Склад10_о,К2,0.391754536576556
W37,Склад10||Склад10_о,К2,0.1742587772685659
W38,Склад10||Склад10_о,К2,0.5495784712541314
W39,Склад10||Склад10_о,К2,0.23226576751698086
W40,Склад10||Склад10_о,К2,1.1795414838331642
W41,Склад10||Склад10_о,К2,0.5821672790299284
W42,Склад10||Склад10_о,К2,0.669400997302856
W43,Склад10||Склад10_о,К2,0.5928104459459519
W44,Склад10||Склад10_о,К2,0.48223515739104234
W45,Склад10||Склад10_о,К2,0.2663998855488885
W46,Склад10||Склад10_о,К2,0.8758493879597566
W47,Склад10||Склад10_о,К2,0.2679400508652647
W48,Склад10||Склад10_о,К2,1.7421935321466302
W49,Склад10||Склад10_о,К2,0.1451107362867389
W50,Склад10||Склад10_о,К2,0.8048171668727868
W51,Склад10||Склад10_о,К2,0.3627735695405402
W52,Склад10||Склад10_о,К2,3.025767141807882
W53,Склад10||Склад10_о,К2,188.58983367271992
W13,Склад11||Склад11_о,Б5,143.33333333333334
W14,Склад11||Склад11_о,Б5,30.461796809403857
W15,Склад11||Склад11_о,Б5,22.720093046699905
W16,Склад11||Склад11_о,Б5,102.09744186196797
W17,Склад11||Склад11_о,Б5,26.890588662812046
W18,Склад11||Склад11_о,Б5,29.75471734842227
W19,Склад11||Склад11_о,Б5,8.418583694723957
W20,Склад11||Склад11_о,Б5,11.0520979875915
W21,Склад11||Склад11_о,Б5,18.396428298831054
W22,Склад11||Склад11_о,Б5,11.937863768853694
W23,Склад11||Склад11_о,Б5,12.339751455075415
W24,Склад11||Склад11_о,Б5,10.031379869410324
W25,Склад11||Склад11_о,Б5,9.759926087869738
W26,Склад11||Склад11_о,Б5,11.912387065401902
W27,Склад11||Склад11_о,Б5,7.107231311264072
W28,Склад11||Склад11_о,Б5,6.45530655588456
W29,Склад11||Склад11_о,Б5,7.369168210364748
W30,Склад11||Склад11_о,Б5,7.325761580276383
W31,Склад11||Склад11_о,Б5,13.390759586280083
W32,Склад11||Склад11_о,Б5,12.04769780838928
W33,Склад11||Склад11_о,Б5,11.313857859475752
W34,Склад11||Склад11_о,Б5,10.405345886968169
W35,Склад11||Склад11_о,Б5,10.362202558252598
W36,Склад11||Склад11_о,Б5,8.03091391022717
W37,Склад11||Склад11_о,Б5,11.250070258886879
W38,Склад11||Склад11_о,Б5,8.398445326232801
W39,Склад11||Склад11_о,Б5,8.445448179173713
W40,Склад11||Склад11_о,Б5,13.096883244348918
W41,Склад11||Склад11_о,Б5,12.304892405945294
W42,Склад11||Склад11_о,Б5,9.496298558336717
W43,Склад11||Склад11_о,Б5,9.40861536749454
W44,Склад11||Склад11_о,Б5,9.966020118538717
W45,Склад11||Склад11_о,Б5,10.8229786794406
W46,Склад11||Склад11_о,Б5,9.770878842708264
W47,Склад11||Склад11_о,Б5,13.396267476734522
W48,Склад11||Склад11_о,Б5,14.27428188370859
W49,Склад11||Склад11_о,Б5,17.975300577331343
W50,Склад11||Склад11_о,Б5,16.503251001924436
W51,Склад11||Склад11_о,Б5,34.551590333132125
W52,Склад11||Склад11_о,Б5,21.75071639080378
W53,Склад11||Склад11_о,Б5,8.365660150309147
W4,Склад12||Склад12_о,Б4,2.714904143475572
W5,Склад12||Склад12_о,Б4,6.217333896074588
W6,Склад12||Склад12_о,Б4,5.443826978444958
W7,Склад12||Склад12_о,Б4,2.0242469934151304
W8,Склад12||Склад12_о,Б4,3.3197655174889213
W9,Склад12||Склад12_о,Б4,5.833664572733642
W10,Склад12||Склад12_о,Б4,5.274863278159636
W11,Склад12||Склад12_о,Б4,4.789298809865719
W12,Склад12||Склад12_о,Б4,0.37017914518023376
W13,Склад12||Склад12_о,Б4,2.50382228905205
W14,Склад12||Склад12_о,Б4,4.382180456042059
W15,Склад12||Склад12_о,Б4,4.148971404776397
W16,Склад12||Склад12_о,Б4,5.484798335243354
W17,Склад12||Склад12_о,Б4,4.338629913168477
W18,Склад12||Склад12_о,Б4,6.969996753348741
W19,Склад12||Склад12_о,Б4,4.610473678514647
W20,Склад12||Склад12_о,Б4,5.9607152867255175
W21,Склад12||Склад12_о,Б4,0.9055447233006916
W22,Склад12||Склад12_о,Б4,0.0012786567682867714
W23,Склад12||Склад12_о,Б4,1.4489293606416396
W24,Склад12||Склад12_о,Б4,4.892147256803235
W25,Склад12||Склад12_о,Б4,3.60032952354272
W26,Склад12||Склад12_о,Б4,5.4176920458618465
W27,Склад12||Склад12_о,Б4,5.0289781395337005
W28,Склад12||Склад12_о,Б4,4.394390978601554
W29,Склад12||Склад12_о,Б4,4.910394549725343
W30,Склад12||Склад12_о,Б4,9.10092894911489
W31,Склад12||Склад12_о,Б4,5.940905110555809
W32,Склад12||Склад12_о,Б4,6.972113264279805
W33,Склад12||Склад12_о,Б4,7.224086728734034
W34,Склад12||Склад12_о,Б4,9.396609101230753
W35,Склад12||Склад12_о,Б4,10.533208509556605
W36,Склад12||Склад12_о,Б4,6.645978729873917
W37,Склад12||Склад12_о,Б4,2.3795687672616994
W38,Склад12||Склад12_о,Б4,6.900645930817489
W39,Склад12||Склад12_о,Б4,4.389080376580702
W40,Склад12||Склад12_о,Б4,6.413090187593539
W41,Склад12||Склад12_о,Б4,6.1326204229907555
W42,Склад12||Склад12_о,Б4,5.756425291734146
W43,Склад12||Склад12_о,Б4,3.854610012387742
W44,Склад12||Склад12_о,Б4,6.9198051120936475
W45,Склад12||Склад12_о,Б4,15.078396875680179
W46,Склад12||Склад12_о,Б4,10.43209210822483
W47,Склад12||Склад12_о,Б4,11.164035035887409
W48,Склад12||Склад12_о,Б4,13.233181346231428
W49,Склад12||Склад12_о,Б4,6.098011202437343
W50,Склад12||Склад12_о,Б4,12.198084140452696
W51,Склад12||Склад12_о,Б4,6.282521136546927
W52,Склад12||Склад12_о,Б4,5.940739877123821
W53,Склад12||Склад12_о,Б4,1416.5678997952064
W2,Склад12||Склад12_о,Б5,34.17874396135265
W3,Склад12||Склад12_о,Б5,6.3999033968795995
W4,Склад12||Склад12_о,Б5,6.2251080757527575
W5,Склад12||Склад12_о,Б5,9.538448123402254
W6,Склад12||Склад12_о,Б5,9.572903536709763
W7,Склад12||Склад12_о,Б5,12.536068089696116
W8,Склад12||Склад12_о,Б5,10.313151209020436
W9,Склад12||Склад12_о,Б5,8.663594009539207
W10,Склад12||Склад12_о,Б5,8.474327680465919
W11,Склад12||Склад12_о,Б5,6.927989397533581
W12,Склад12||Склад12_о,Б5,7.313609810671144
W13,Склад12||Склад12_о,Б5,6.125913362232922
W14,Склад12||Склад12_о,Б5,5.981215770018345
W15,Склад12||Склад12_о,Б5,6.801412965880964
W16,Склад12||Склад12_о,Б5,8.342413791357146
W17,Склад12||Склад12_о,Б5,6.625785569397241
W18,Склад12||Склад12_о,Б5,10.34982413642038
W19,Склад12||Склад12_о,Б5,6.139210217783198
W20,Склад12||Склад12_о,Б5,9.37899241381611
W21,Склад12||Склад12_о,Б5,6.403161299173993
W22,Склад12||Склад12_о,Б5,5.737649196977085
W23,Склад12||Склад12_о,Б5,5.324587975019174
W24,Склад12||Склад12_о,Б5,8.28040136227635
W25,Склад12||Склад12_о,Б5,5.596894068596267
W26,Склад12||Склад12_о,Б5,7.746126326990465
W27,Склад12||Склад12_о,Б5,5.967132944341875
W28,Склад12||Склад12_о,Б5,5.712091735348323
W29,Склад12||Склад12_о,Б5,9.03781016229717
W30,Склад12||Склад12_о,Б5,11.281640504964622
W31,Склад12||Склад12_о,Б5,8.150247101604624
W32,Склад12||Склад12_о,Б5,9.681947219059094
W33,Склад12||Склад12_о,Б5,12.159024948099999
W34,Склад12||Склад12_о,Б5,13.248194342283371
W35,Склад12||Склад12_о,Б5,16.583256621022766
W36,Склад12||Склад12_о,Б5,10.287749487742687
W37,Склад12||Склад12_о,Б5,12.584809822875716
W38,Склад12||Склад12_о,Б5,13.54526910008229
W39,Склад12||Склад12_о,Б5,5.836273343036687
W40,Склад12||Склад12_о,Б5,9.049392707857914
W41,Склад12||Склад12_о,Б5,7.892300613666482
W42,Склад12||Склад12_о,Б5,10.103171694557664
W43,Склад12||Склад12_о,Б5,3.7942570815013923
W44,Склад12||Склад12_о,Б5,9.347253228611185
W45,Склад12||Склад12_о,Б5,23.424437216193027
W46,Склад12||Склад12_о,Б5,13.391235830213002
W47,Склад12||Склад12_о,Б5,14.390824412254592
W48,Склад12||Склад12_о,Б5,18.520683858464153
W49,Склад12||Склад12_о,Б5,10.325044130158876
W50,Склад12||Склад12_о,Б5,16.520698067317547
W51,Склад12||Склад12_о,Б5,8.809334765577768
W52,Склад12||Склад12_о,Б5,7.843646080464376
W53,Склад12||Склад12_о,Б5,1443.0727434674407
W2,Склад12||Склад12_о,Б6,4.758454106280193
W3,Склад12||Склад12_о,Б6,2.415641782220912
W4,Склад12||Склад12_о,Б6,0.0037347584759135936
W5,Склад12||Склад12_о,Б6,8.850138568515625e-06
W7,Склад12||Склад12_о,Б6,7.677524430038818
W8,Склад12||Склад12_о,Б6,4.706561524227035
W9,Склад12||Склад12_о,Б6,0.07292635552623764
W10,Склад12||Склад12_о,Б6,0.0001561926655091832
W21,Склад12||Склад12_о,Б6,4.045280506076244
W22,Склад12||Склад12_о,Б6,4.651292403990506
W23,Склад12||Склад12_о,Б6,3.5457113230931645
W24,Склад12||Склад12_о,Б6,0.0068226117434927154
W25,Склад12||Склад12_о,Б6,1.0597408734844231e-05
